[
    {
        "name": "Robert A. Dean",
        "phone": "(324) 120-8520",
        "email": "placerat.eget.venenatis@tellus.co.uk",
        "planId": "18385",
        "domain": "Lorem ipsum dolor",
        "uniqueKey": "QJP94YEA4UJ",
        "merchantKey": "YML68YNG6RK",
        "address": "P.O. Box 618, 2629 Metus. Avenue",
        "logoUrl": "%B378264738324587^CadmanRichards^1108532769?3",
        "themeLogoUrl": ";4042697341582=73117961?9"
    },
    {
        "name": "Allen C. Branch",
        "phone": "(975) 396-2615",
        "email": "quis.tristique.ac@litoratorquent.co.uk",
        "planId": "59015",
        "domain": "Lorem ipsum dolor sit amet, consectetuer adipiscing",
        "uniqueKey": "CBI00KSF2AU",
        "merchantKey": "BAI97ASW0AE",
        "address": "P.O. Box 895, 1311 Vestibulum St.",
        "logoUrl": "%B5520637905350525^KasperTucker^9610757430?6",
        "themeLogoUrl": ";4903102880348788=89071737522? "
    },
    {
        "name": "Rebecca U. White",
        "phone": "(397) 190-7387",
        "email": "auctor.velit@molestie.org",
        "planId": "87349",
        "domain": "Lorem ipsum",
        "uniqueKey": "LML89BDY3KE",
        "merchantKey": "MTU21KYY4TH",
        "address": "Ap #384-5554 Eget Rd.",
        "logoUrl": "%B563754911110^BrittanyEverett^8809695235?8",
        "themeLogoUrl": ";6334325864480053=16076638? "
    },
    {
        "name": "Jasmine Rosales",
        "phone": "(852) 960-4906",
        "email": "nec.tempus@velturpisAliquam.edu",
        "planId": "69261",
        "domain": "Lorem ipsum dolor sit amet, consectetuer",
        "uniqueKey": "UDA15RVG9AZ",
        "merchantKey": "OZP81LSL3YD",
        "address": "P.O. Box 671, 1328 Elit. Rd.",
        "logoUrl": "%B201441989854743^AnthonyKemp^88102229094? ",
        "themeLogoUrl": ";309701906977591=2011227661? "
    },
    {
        "name": "Jonas N. Price",
        "phone": "(658) 521-3889",
        "email": "ultrices.a@neque.co.uk",
        "planId": "91351",
        "domain": "Lorem",
        "uniqueKey": "THC32UFZ3HJ",
        "merchantKey": "NAY55ZOK5GK",
        "address": "626-4040 Vulputate, Ave",
        "logoUrl": "%B4936841677928549^LesleySears^8908979606?8",
        "themeLogoUrl": ";309376563043191=21116456893? "
    },
    {
        "name": "Ira X. Howe",
        "phone": "(460) 344-0262",
        "email": "non.justo@turpisegestasAliquam.ca",
        "planId": "16389",
        "domain": "Lorem ipsum dolor sit amet,",
        "uniqueKey": "TLI22GBT1OU",
        "merchantKey": "XWI43KQY3VW",
        "address": "723-8175 Rutrum Avenue",
        "logoUrl": "%B4516332436030^ArthurStanton^08107628494?1",
        "themeLogoUrl": ";4508937666797636=09034384? "
    },
    {
        "name": "Bruce Thomas",
        "phone": "(839) 157-8985",
        "email": "vel@ultriciesligulaNullam.edu",
        "planId": "98527",
        "domain": "Lorem ipsum dolor sit amet, consectetuer adipiscing elit.",
        "uniqueKey": "BAM31NUE8FD",
        "merchantKey": "QUG48NDV9XC",
        "address": "P.O. Box 371, 4790 Nisl Rd.",
        "logoUrl": "%B372898555155461^JenaPruitt^8907923123?7",
        "themeLogoUrl": ";4905439849021686=78118544?2"
    },
    {
        "name": "Emma P. Hendrix",
        "phone": "(736) 482-5473",
        "email": "sed@bibendumfermentummetus.com",
        "planId": "70583",
        "domain": "Lorem ipsum dolor sit",
        "uniqueKey": "QVT19OOO9UP",
        "merchantKey": "KXX13GXQ3UZ",
        "address": "Ap #797-2608 Egestas. Ave",
        "logoUrl": "%B6470373133055011^VernonHolden^0003884285? ",
        "themeLogoUrl": ";30284207034962=8608338605? "
    },
    {
        "name": "Madison Bond",
        "phone": "(354) 868-0263",
        "email": "sit.amet.consectetuer@euenimEtiam.ca",
        "planId": "48950",
        "domain": "Lorem ipsum dolor sit amet, consectetuer",
        "uniqueKey": "BKT85KUL3UP",
        "merchantKey": "NPF11OGM1EO",
        "address": "852-6411 Non St.",
        "logoUrl": "%B213149775841172^NicoleStanley^33037764775?2",
        "themeLogoUrl": ";4556347062496=7103544243? "
    },
    {
        "name": "Lewis P. Good",
        "phone": "(848) 295-7301",
        "email": "felis.ullamcorper.viverra@intempus.co.uk",
        "planId": "30140",
        "domain": "Lorem ipsum dolor sit amet, consectetuer adipiscing",
        "uniqueKey": "OZK03GYU4FF",
        "merchantKey": "XDV83LOR8XQ",
        "address": "5399 Ante Avenue",
        "logoUrl": "%B342529216870639^SladeCase^03078703?6",
        "themeLogoUrl": ";6771111622334778=24098422435? "
    },
    {
        "name": "Winter S. Ellison",
        "phone": "(327) 522-3743",
        "email": "vel.arcu.eu@musProin.org",
        "planId": "59490",
        "domain": "Lorem ipsum dolor",
        "uniqueKey": "HAO00ROD3VU",
        "merchantKey": "LTA79ZFX1VA",
        "address": "634-7044 Consectetuer Avenue",
        "logoUrl": "%B4175003307096128^PascaleTanner^2706534689?9",
        "themeLogoUrl": ";6767638853227418=73049387?5"
    },
    {
        "name": "Perry Z. Burt",
        "phone": "(651) 806-9581",
        "email": "elementum.lorem.ut@eget.com",
        "planId": "67695",
        "domain": "Lorem ipsum dolor",
        "uniqueKey": "FQP58NMW0DV",
        "merchantKey": "YVL34ANK9QS",
        "address": "785-9010 Morbi Av.",
        "logoUrl": "%B309167845624373^OmarLewis^0102756457?7",
        "themeLogoUrl": ";213187908250127=24119974? "
    },
    {
        "name": "Francis Burns",
        "phone": "(776) 919-3457",
        "email": "nisi@maurissit.co.uk",
        "planId": "44773",
        "domain": "Lorem ipsum",
        "uniqueKey": "AEU16WMH3CU",
        "merchantKey": "RAB17XSS0ND",
        "address": "Ap #105-8442 Praesent Rd.",
        "logoUrl": "%B6706316265077051^EdenSullivan^14049498226?7",
        "themeLogoUrl": ";6493150343169490=22091163?9"
    },
    {
        "name": "Giacomo E. Leach",
        "phone": "(978) 118-0949",
        "email": "Etiam@Donec.net",
        "planId": "43932",
        "domain": "Lorem ipsum dolor sit amet,",
        "uniqueKey": "EGH12DCO7DS",
        "merchantKey": "KHV60HMG4DT",
        "address": "4138 Cras Rd.",
        "logoUrl": "%B5493012078173307^TaraChen^24085405? ",
        "themeLogoUrl": ";378713248448187=10015935? "
    },
    {
        "name": "Hyatt L. Roy",
        "phone": "(862) 959-5214",
        "email": "nonummy.ac@nequepellentesque.net",
        "planId": "03279",
        "domain": "Lorem ipsum dolor sit amet, consectetuer adipiscing elit. Curabitur",
        "uniqueKey": "EQN69TCC9JG",
        "merchantKey": "OIF42URR9TA",
        "address": "P.O. Box 184, 1756 Et, St.",
        "logoUrl": "%B201491666857618^CarlyGreene^3707980896?2",
        "themeLogoUrl": ";36689958666636=9109582283? "
    },
    {
        "name": "Mannix U. Evans",
        "phone": "(229) 553-6239",
        "email": "in@a.net",
        "planId": "41020",
        "domain": "Lorem ipsum dolor sit amet, consectetuer",
        "uniqueKey": "LEQ46IFP0WA",
        "merchantKey": "XLH52WNL9BZ",
        "address": "141-7259 Parturient Road",
        "logoUrl": "%B4485898012439^IndiraCherry^74083292745? ",
        "themeLogoUrl": ";4175006312901869=1704782122?3"
    },
    {
        "name": "Cody A. Hendrix",
        "phone": "(335) 498-4762",
        "email": "ullamcorper.eu.euismod@nuncQuisque.net",
        "planId": "71321",
        "domain": "Lorem ipsum dolor sit amet,",
        "uniqueKey": "YCP68EVK8UW",
        "merchantKey": "KJT70ITN8WB",
        "address": "118-8981 Curabitur Rd.",
        "logoUrl": "%B6445856927324280^ClarkHarmon^8812608872?7",
        "themeLogoUrl": ";6442357920894208=00032401? "
    },
    {
        "name": "Joseph C. Hampton",
        "phone": "(984) 999-7397",
        "email": "lacus@ligulaAliquam.ca",
        "planId": "95372",
        "domain": "Lorem ipsum dolor",
        "uniqueKey": "UAW14TPF6OG",
        "merchantKey": "TQU97IBG2IT",
        "address": "P.O. Box 800, 2793 A, Av.",
        "logoUrl": "%B36974044444655^LanceJohns^03025502297? ",
        "themeLogoUrl": ";4917010715648922=1102618984?5"
    },
    {
        "name": "Hilda Mcknight",
        "phone": "(775) 277-7926",
        "email": "malesuada.Integer.id@arcuVivamussit.com",
        "planId": "77113",
        "domain": "Lorem ipsum",
        "uniqueKey": "FHK03YOW0RP",
        "merchantKey": "OLC27QLK7AP",
        "address": "Ap #474-1747 Velit Road",
        "logoUrl": "%B30287668919266^ReeceMaxwell^1312174509?1",
        "themeLogoUrl": ";6334426814925526=33056752? "
    },
    {
        "name": "Rahim H. Roman",
        "phone": "(551) 717-7661",
        "email": "Nam@eratvolutpat.net",
        "planId": "52907",
        "domain": "Lorem ipsum dolor sit amet, consectetuer adipiscing",
        "uniqueKey": "YQN94PSN7DN",
        "merchantKey": "LUI10GFC3FP",
        "address": "970-7597 Amet, Road",
        "logoUrl": "%B36096025893393^CassidyBlake^29019147? ",
        "themeLogoUrl": ";30501261916911=72028779107?4"
    },
    {
        "name": "Illana Skinner",
        "phone": "(775) 956-0632",
        "email": "id.erat@adipiscing.co.uk",
        "planId": "72010",
        "domain": "Lorem ipsum dolor sit amet, consectetuer adipiscing",
        "uniqueKey": "ZFN20YKW5IG",
        "merchantKey": "XTE61PSL2EW",
        "address": "7148 Auctor Av.",
        "logoUrl": "%B6331108548331097^OctaviusBest^05029757?5",
        "themeLogoUrl": ";589398888513=0709477162? "
    },
    {
        "name": "Quon Adams",
        "phone": "(192) 768-8940",
        "email": "In@laoreetipsumCurabitur.org",
        "planId": "13567",
        "domain": "Lorem ipsum",
        "uniqueKey": "IWB72PIC1UI",
        "merchantKey": "TZF04AOX6ON",
        "address": "P.O. Box 202, 782 Pellentesque, St.",
        "logoUrl": "%B6304901420307992^KarenAlford^72029057? ",
        "themeLogoUrl": ";4916621210742=82034478844?2"
    },
    {
        "name": "Stacey Torres",
        "phone": "(584) 145-9809",
        "email": "dignissim.Maecenas.ornare@facilisis.com",
        "planId": "56142",
        "domain": "Lorem ipsum dolor sit amet, consectetuer adipiscing",
        "uniqueKey": "BVG43MJU7OL",
        "merchantKey": "MMO80RTU7GT",
        "address": "P.O. Box 962, 4744 Tristique Rd.",
        "logoUrl": "%B6479305219808153^ChadwickLowery^01076506? ",
        "themeLogoUrl": ";36470565573717=92125429076?5"
    },
    {
        "name": "Xander Morse",
        "phone": "(488) 293-9293",
        "email": "tincidunt@nondapibusrutrum.edu",
        "planId": "01615",
        "domain": "Lorem ipsum dolor sit amet, consectetuer adipiscing elit.",
        "uniqueKey": "NRU39CWQ9XX",
        "merchantKey": "HGF30IND7TR",
        "address": "9234 At Rd.",
        "logoUrl": "%B378433782568619^LysandraWhitehead^12016089?7",
        "themeLogoUrl": ";589989409109=33094753?5"
    },
    {
        "name": "Zane Parker",
        "phone": "(173) 451-9182",
        "email": "cursus.Nunc.mauris@ultricesposuere.co.uk",
        "planId": "03851",
        "domain": "Lorem",
        "uniqueKey": "TZI62EQO5ME",
        "merchantKey": "XVW70LID0BI",
        "address": "4825 Dignissim Rd.",
        "logoUrl": "%B6706809863429518^ClaudiaBowen^73064207?9",
        "themeLogoUrl": ";6334082151619592=0207742642? "
    },
    {
        "name": "Rina Mccarthy",
        "phone": "(494) 196-9595",
        "email": "Curabitur@arcuvel.edu",
        "planId": "49217",
        "domain": "Lorem",
        "uniqueKey": "MEP50PFM6IX",
        "merchantKey": "LXD09NCI4IU",
        "address": "754-4883 Varius Av.",
        "logoUrl": "%B5495250692702089^AubreyHawkins^92012846360? ",
        "themeLogoUrl": ";6470316001353588=70057411?7"
    },
    {
        "name": "Renee Atkinson",
        "phone": "(258) 435-9691",
        "email": "nascetur.ridiculus@facilisisvitae.net",
        "planId": "34278",
        "domain": "Lorem ipsum dolor sit amet, consectetuer adipiscing elit. Curabitur sed",
        "uniqueKey": "QWJ44ASX7GU",
        "merchantKey": "FEC04WIK9WQ",
        "address": "4858 Nulla. Rd.",
        "logoUrl": "%B6304942117255318^SukiMejia^07054028933? ",
        "themeLogoUrl": ";6767751135111951=8207986543?5"
    },
    {
        "name": "Fuller Oneil",
        "phone": "(552) 279-5491",
        "email": "dui.in.sodales@luctus.edu",
        "planId": "26605",
        "domain": "Lorem ipsum dolor sit",
        "uniqueKey": "CNQ29YTS4TD",
        "merchantKey": "VRM37BPN6LA",
        "address": "Ap #685-6574 Elit. Road",
        "logoUrl": "%B30532111511263^HadleyOdom^13109696? ",
        "themeLogoUrl": ";6447365737854187=81095447? "
    },
    {
        "name": "Tyrone S. Cooley",
        "phone": "(130) 242-9499",
        "email": "risus@risusodio.org",
        "planId": "11786",
        "domain": "Lorem ipsum dolor sit amet, consectetuer adipiscing",
        "uniqueKey": "WYY59YNF1RU",
        "merchantKey": "ZIN27EKG9GM",
        "address": "174-7112 Dui, Av.",
        "logoUrl": "%B676115907443^FlaviaHerring^84087818612? ",
        "themeLogoUrl": ";180052646592413=8308482316?4"
    },
    {
        "name": "Catherine O. Schmidt",
        "phone": "(509) 506-8427",
        "email": "sollicitudin.commodo.ipsum@ipsumDonecsollicitudin.com",
        "planId": "62874",
        "domain": "Lorem ipsum dolor",
        "uniqueKey": "DZA14RHX9JC",
        "merchantKey": "BXP04USE2ND",
        "address": "Ap #540-6332 Lorem. Rd.",
        "logoUrl": "%B6449099541300313^MelindaGilmore^0806431172?1",
        "themeLogoUrl": ";6771896133324033=05029475989?3"
    },
    {
        "name": "Wayne Hobbs",
        "phone": "(976) 203-5042",
        "email": "bibendum@actellus.net",
        "planId": "76496",
        "domain": "Lorem ipsum dolor",
        "uniqueKey": "SVY95VWK7QL",
        "merchantKey": "MZC50FHT7KM",
        "address": "220-2835 Etiam Av.",
        "logoUrl": "%B30462747879407^AuroraTate^30036944? ",
        "themeLogoUrl": ";4911477350655049=17024639?2"
    },
    {
        "name": "Nadine Crosby",
        "phone": "(656) 470-9704",
        "email": "tincidunt.orci.quis@nonlobortis.co.uk",
        "planId": "20721",
        "domain": "Lorem ipsum dolor sit",
        "uniqueKey": "USM25REQ7HM",
        "merchantKey": "OOV63AVO8AB",
        "address": "P.O. Box 659, 3537 Hymenaeos. Road",
        "logoUrl": "%B5360745895489964^FayDelacruz^77107624570?4",
        "themeLogoUrl": ";341104668666389=3312460367?3"
    },
    {
        "name": "Sophia Raymond",
        "phone": "(608) 568-0399",
        "email": "et.magnis@nunc.edu",
        "planId": "10835",
        "domain": "Lorem ipsum dolor sit amet, consectetuer adipiscing elit.",
        "uniqueKey": "XWS46KPE4CW",
        "merchantKey": "EIM26SFF3YI",
        "address": "2974 Aliquam Road",
        "logoUrl": "%B4936269408982843^OceanJacobson^71054481?9",
        "themeLogoUrl": ";6334010828765993=23058379498?6"
    },
    {
        "name": "Harrison Cooper",
        "phone": "(509) 685-9072",
        "email": "ultrices@euismodestarcu.edu",
        "planId": "42015",
        "domain": "Lorem ipsum dolor sit",
        "uniqueKey": "SKJ83KAP1UR",
        "merchantKey": "EKT57EZZ6IA",
        "address": "513-9076 Consectetuer Rd.",
        "logoUrl": "%B560554394687^RudyardJones^3704152248?9",
        "themeLogoUrl": ";6476933044924409=1204388542? "
    },
    {
        "name": "Amelia J. Price",
        "phone": "(618) 421-8131",
        "email": "sit.amet.ultricies@quisturpis.edu",
        "planId": "59109",
        "domain": "Lorem ipsum dolor sit",
        "uniqueKey": "TKH20QTQ0ZP",
        "merchantKey": "XOG07ZJB4JK",
        "address": "1270 Ante St.",
        "logoUrl": "%B348811469891825^BlazeHubbard^0508465499? ",
        "themeLogoUrl": ";4532490963574=7410244420? "
    },
    {
        "name": "Dolan D. Alvarado",
        "phone": "(188) 253-9639",
        "email": "pede@nisiMauris.com",
        "planId": "32614",
        "domain": "Lorem ipsum dolor sit",
        "uniqueKey": "FQW15ZFA4ZJ",
        "merchantKey": "VEY44MUX4RK",
        "address": "989-2412 Nunc Av.",
        "logoUrl": "%B319116941946493^HadassahHunt^85116105700? ",
        "themeLogoUrl": ";4556707380157=82063317156?9"
    },
    {
        "name": "Blossom F. Knapp",
        "phone": "(609) 857-7253",
        "email": "lacus.Ut@arcu.ca",
        "planId": "88704",
        "domain": "Lorem ipsum dolor sit amet,",
        "uniqueKey": "OHX31ETE6XA",
        "merchantKey": "WFE49KNN9BI",
        "address": "Ap #838-2340 Lobortis Ave",
        "logoUrl": "%B6447759912474318^KeithGlover^83055661?3",
        "themeLogoUrl": ";6706905814219022=2712330209? "
    },
    {
        "name": "Carla F. Myers",
        "phone": "(954) 272-4797",
        "email": "est.ac@Sed.net",
        "planId": "75751",
        "domain": "Lorem ipsum dolor sit amet, consectetuer",
        "uniqueKey": "NKF42YMI6TC",
        "merchantKey": "TQR01GNV2NL",
        "address": "Ap #380-7496 Nulla Road",
        "logoUrl": "%B4508618490115373^ShellieSmall^70069968151?6",
        "themeLogoUrl": ";6483630157344919=91102059? "
    },
    {
        "name": "Josephine D. Bowen",
        "phone": "(107) 524-1971",
        "email": "ullamcorper@utpellentesqueeget.com",
        "planId": "83934",
        "domain": "Lorem ipsum dolor sit amet, consectetuer adipiscing elit.",
        "uniqueKey": "MII81EOR1CQ",
        "merchantKey": "KPQ57FUX9BD",
        "address": "Ap #576-8978 Eu, Avenue",
        "logoUrl": "%B4905524339673417^NaydaSchroeder^0702937683?2",
        "themeLogoUrl": ";370176863225827=01116975? "
    },
    {
        "name": "Germaine Stone",
        "phone": "(953) 459-9274",
        "email": "Mauris@pedesagittis.co.uk",
        "planId": "54059",
        "domain": "Lorem ipsum dolor sit amet, consectetuer adipiscing",
        "uniqueKey": "BXM72NBI5PA",
        "merchantKey": "YKL42RIQ3JL",
        "address": "845-4772 Aliquam St.",
        "logoUrl": "%B6771686576312680^RobinWeeks^08107772? ",
        "themeLogoUrl": ";348390881507772=2508691876?1"
    },
    {
        "name": "Keefe Levy",
        "phone": "(927) 242-3053",
        "email": "pede.Cras.vulputate@scelerisque.co.uk",
        "planId": "31464",
        "domain": "Lorem ipsum",
        "uniqueKey": "YIE76YID1YU",
        "merchantKey": "AFZ56JMI4OM",
        "address": "2934 Ullamcorper. St.",
        "logoUrl": "%B36652799015926^SylviaWebster^97046332543?7",
        "themeLogoUrl": ";6767599039011896=98049238915? "
    },
    {
        "name": "Fritz F. Glass",
        "phone": "(129) 101-3069",
        "email": "hendrerit@Aeneanegetmagna.ca",
        "planId": "34923",
        "domain": "Lorem ipsum dolor sit amet, consectetuer adipiscing",
        "uniqueKey": "QHA36YVI3FW",
        "merchantKey": "YTF42WHH0CR",
        "address": "P.O. Box 901, 8455 Erat Street",
        "logoUrl": "%B30052298088431^DeannaMcclain^73064555? ",
        "themeLogoUrl": ";36328040624200=99124186656? "
    },
    {
        "name": "Caldwell Dotson",
        "phone": "(105) 696-6607",
        "email": "pede@vitaealiquam.edu",
        "planId": "57628",
        "domain": "Lorem ipsum dolor sit amet,",
        "uniqueKey": "TFL88STZ3NV",
        "merchantKey": "ICS56AXU8KG",
        "address": "Ap #874-8127 Egestas Street",
        "logoUrl": "%B5429302924752928^KennedyPerkins^80113899?5",
        "themeLogoUrl": ";6459715661457974=93058146? "
    },
    {
        "name": "Todd Manning",
        "phone": "(301) 193-9106",
        "email": "auctor@consectetuer.org",
        "planId": "16168",
        "domain": "Lorem ipsum",
        "uniqueKey": "ITK61NER0XP",
        "merchantKey": "QSJ97YPH1HP",
        "address": "P.O. Box 217, 653 Arcu St.",
        "logoUrl": "%B6453065248807739^NoraClarke^3107862582? ",
        "themeLogoUrl": ";4175003530659759=18065246? "
    },
    {
        "name": "Edan N. Mercado",
        "phone": "(644) 594-8219",
        "email": "Aliquam@loremDonecelementum.net",
        "planId": "44085",
        "domain": "Lorem ipsum dolor sit amet, consectetuer adipiscing",
        "uniqueKey": "WXN18HBX7LK",
        "merchantKey": "PKK31SJZ7YJ",
        "address": "Ap #967-3787 Fames Ave",
        "logoUrl": "%B5583060225398740^RashadCastillo^17027753457? ",
        "themeLogoUrl": ";214952139801991=0608545164? "
    },
    {
        "name": "Simon Becker",
        "phone": "(562) 976-6696",
        "email": "est@amet.net",
        "planId": "20750",
        "domain": "Lorem ipsum dolor sit amet, consectetuer adipiscing elit. Curabitur",
        "uniqueKey": "XJZ53GDQ2OH",
        "merchantKey": "AGN17FVY5KF",
        "address": "Ap #800-2340 Pellentesque Ave",
        "logoUrl": "%B6334093335420575^PenelopeHolmes^77017547295? ",
        "themeLogoUrl": ";589324665985=81045373294? "
    },
    {
        "name": "Juliet Nixon",
        "phone": "(238) 655-6196",
        "email": "amet.ornare.lectus@tristiquepellentesquetellus.edu",
        "planId": "46512",
        "domain": "Lorem ipsum dolor sit amet, consectetuer",
        "uniqueKey": "UBQ83KEJ1SG",
        "merchantKey": "LJD37PTR4IS",
        "address": "Ap #830-4110 Phasellus Rd.",
        "logoUrl": "%B377730823122459^UmaKim^94117875? ",
        "themeLogoUrl": ";5290240223557794=31123635624?2"
    },
    {
        "name": "Harlan R. Oneil",
        "phone": "(150) 984-6664",
        "email": "luctus.et.ultrices@In.org",
        "planId": "66949",
        "domain": "Lorem ipsum dolor sit amet, consectetuer",
        "uniqueKey": "DLV67FKH5YU",
        "merchantKey": "ZPV28IZK3JL",
        "address": "1183 Nec, Rd.",
        "logoUrl": "%B6706584502207951^CairoMoon^8412457494? ",
        "themeLogoUrl": ";4913245572516366=16091206? "
    },
    {
        "name": "Leandra Chase",
        "phone": "(137) 920-8566",
        "email": "placerat@at.com",
        "planId": "47891",
        "domain": "Lorem ipsum dolor sit amet, consectetuer adipiscing",
        "uniqueKey": "BDM16VLM2MV",
        "merchantKey": "KTV03JWO1RY",
        "address": "Ap #351-7233 Interdum Ave",
        "logoUrl": "%B6489694451743956^LucianMurray^34055876775? ",
        "themeLogoUrl": ";6334746150239434=35095342? "
    },
    {
        "name": "Macaulay E. Wilkinson",
        "phone": "(298) 772-5571",
        "email": "elit.Aliquam.auctor@consequat.co.uk",
        "planId": "71060",
        "domain": "Lorem ipsum dolor sit",
        "uniqueKey": "BJS61LBL1YK",
        "merchantKey": "LJW09NSA8MQ",
        "address": "211-3483 Posuere St.",
        "logoUrl": "%B30305229923674^MelindaCasey^71036073671? ",
        "themeLogoUrl": ";4026119209866516=01101414683?4"
    },
    {
        "name": "Cade D. Barry",
        "phone": "(446) 197-6604",
        "email": "fermentum.arcu.Vestibulum@risusDuisa.com",
        "planId": "13178",
        "domain": "Lorem ipsum dolor sit amet, consectetuer adipiscing elit. Curabitur",
        "uniqueKey": "MDD61ETD2VE",
        "merchantKey": "OVO61LRO9RI",
        "address": "2680 Pharetra Road",
        "logoUrl": "%B36662926686069^TigerKing^19024985732?3",
        "themeLogoUrl": ";6011317761275983=25084776759? "
    },
    {
        "name": "Kuame Mckenzie",
        "phone": "(151) 425-3568",
        "email": "euismod@In.edu",
        "planId": "75693",
        "domain": "Lorem ipsum dolor sit amet,",
        "uniqueKey": "QKT29UCO3ZJ",
        "merchantKey": "XOA18UKK7YU",
        "address": "591-3214 Nisi Avenue",
        "logoUrl": "%B675914980148^GiselleSchwartz^73072225262?9",
        "themeLogoUrl": ";348614556676087=29076964? "
    },
    {
        "name": "Jamalia Fuentes",
        "phone": "(847) 221-5021",
        "email": "nisl.Nulla@arcu.net",
        "planId": "36066",
        "domain": "Lorem ipsum dolor sit amet, consectetuer",
        "uniqueKey": "NWG23FFL6MB",
        "merchantKey": "CCO82WID8AL",
        "address": "P.O. Box 829, 8508 Libero. Road",
        "logoUrl": "%B4917303573790732^DariaSnow^73105622?7",
        "themeLogoUrl": ";5359526119681799=78022741? "
    },
    {
        "name": "Rhona Ortega",
        "phone": "(884) 296-6789",
        "email": "eu.enim@ipsumprimisin.co.uk",
        "planId": "01316",
        "domain": "Lorem ipsum dolor sit amet, consectetuer adipiscing elit. Curabitur",
        "uniqueKey": "HCE96IOB8VP",
        "merchantKey": "NXE41PKM5NQ",
        "address": "7371 Eu St.",
        "logoUrl": "%B6491142714774968^RhondaMcfarland^32063109? ",
        "themeLogoUrl": ";5532252033513378=07114289210?4"
    },
    {
        "name": "Emi K. Snyder",
        "phone": "(891) 511-0677",
        "email": "ultricies.ligula@lacusUtnec.edu",
        "planId": "00089",
        "domain": "Lorem ipsum dolor",
        "uniqueKey": "ZRJ07WCD5ZR",
        "merchantKey": "CVM31ICM4UJ",
        "address": "9589 Fringilla Ave",
        "logoUrl": "%B4911573927503215^MaconRivas^97104718334? ",
        "themeLogoUrl": ";36214235465999=19116435607? "
    },
    {
        "name": "Renee Mcintosh",
        "phone": "(890) 780-5628",
        "email": "orci.quis@necmalesuadaut.com",
        "planId": "42794",
        "domain": "Lorem ipsum dolor sit amet, consectetuer",
        "uniqueKey": "HQV34IRG7RZ",
        "merchantKey": "MTG65ZJP6SH",
        "address": "776 Magna Street",
        "logoUrl": "%B6759867008107551^MannixHogan^7303787677?6",
        "themeLogoUrl": ";341599725954571=33016784?2"
    },
    {
        "name": "Mira J. Roach",
        "phone": "(995) 486-8630",
        "email": "ullamcorper.Duis.at@anteblanditviverra.com",
        "planId": "64746",
        "domain": "Lorem ipsum",
        "uniqueKey": "GNE15AJS1QA",
        "merchantKey": "PRC52SYM3XT",
        "address": "1836 In Street",
        "logoUrl": "%B6482285612615105^AmberWeber^9202867198?1",
        "themeLogoUrl": ";4936554717763707=28087548?5"
    },
    {
        "name": "Garth Cooper",
        "phone": "(256) 188-7909",
        "email": "augue.ac@dolor.net",
        "planId": "61459",
        "domain": "Lorem",
        "uniqueKey": "BRE64ECI5BS",
        "merchantKey": "TXG09OQZ0PM",
        "address": "P.O. Box 849, 4235 Sit Avenue",
        "logoUrl": "%B36154838693623^JacobSchneider^10091985?6",
        "themeLogoUrl": ";309165488009753=9505931444? "
    },
    {
        "name": "Arden Simmons",
        "phone": "(122) 664-4218",
        "email": "lorem@idanteNunc.net",
        "planId": "76280",
        "domain": "Lorem ipsum",
        "uniqueKey": "PKS82VVC6IY",
        "merchantKey": "EPA17BOT9OM",
        "address": "Ap #420-3639 Hendrerit. Ave",
        "logoUrl": "%B30381916397670^DamonRobles^10033257?6",
        "themeLogoUrl": ";4508499932884474=0703577915? "
    },
    {
        "name": "Ralph Cobb",
        "phone": "(127) 354-7121",
        "email": "consequat.enim@amet.edu",
        "planId": "69571",
        "domain": "Lorem ipsum dolor sit amet, consectetuer adipiscing elit. Curabitur sed",
        "uniqueKey": "HMJ34SHU8SO",
        "merchantKey": "XVD64JPG8PS",
        "address": "5940 Scelerisque Avenue",
        "logoUrl": "%B213199147062098^KirbyCooley^23015257?5",
        "themeLogoUrl": ";5196357620649068=34033616?2"
    },
    {
        "name": "Rhiannon Nguyen",
        "phone": "(552) 654-8736",
        "email": "molestie@nonummyultriciesornare.org",
        "planId": "76490",
        "domain": "Lorem ipsum dolor sit amet,",
        "uniqueKey": "GLE07NWH8HS",
        "merchantKey": "CSR43UYK9TE",
        "address": "Ap #560-150 Nibh. Road",
        "logoUrl": "%B5298007677909223^GarethCarlson^05028704?1",
        "themeLogoUrl": ";6334276519908776=0108251545?2"
    },
    {
        "name": "Kathleen U. Zamora",
        "phone": "(542) 781-7067",
        "email": "non.bibendum@dictumsapien.ca",
        "planId": "22010",
        "domain": "Lorem ipsum dolor sit",
        "uniqueKey": "ALQ83HBG0SW",
        "merchantKey": "KNQ10LLI8XV",
        "address": "Ap #313-187 Magna. St.",
        "logoUrl": "%B180084239254127^ReeceMedina^83053946968?8",
        "themeLogoUrl": ";6334092707043148=27116439153? "
    },
    {
        "name": "Arthur Q. Mueller",
        "phone": "(750) 260-6790",
        "email": "vulputate.dui@elitAliquamauctor.edu",
        "planId": "67863",
        "domain": "Lorem ipsum dolor sit amet, consectetuer",
        "uniqueKey": "YUQ88KBA3XL",
        "merchantKey": "HDD79BJY8OP",
        "address": "P.O. Box 590, 1268 Massa St.",
        "logoUrl": "%B379429120339423^ElaineHardy^02022942466?9",
        "themeLogoUrl": ";4905496600235095=88017573142? "
    },
    {
        "name": "Jacob E. Higgins",
        "phone": "(560) 233-1950",
        "email": "Sed.neque.Sed@facilisisfacilisismagna.net",
        "planId": "49260",
        "domain": "Lorem ipsum dolor",
        "uniqueKey": "OCD46WWA2NG",
        "merchantKey": "DZC27ULN3DK",
        "address": "Ap #141-6796 In St.",
        "logoUrl": "%B201412730353483^AvramBecker^84056276? ",
        "themeLogoUrl": ";345192274449072=9109624480? "
    },
    {
        "name": "Jordan Martin",
        "phone": "(360) 783-8198",
        "email": "lorem.ac.risus@eterosProin.org",
        "planId": "04663",
        "domain": "Lorem ipsum dolor sit amet, consectetuer adipiscing elit.",
        "uniqueKey": "UFU19MWY5NB",
        "merchantKey": "HVP51OCY9KH",
        "address": "462-2031 Integer Avenue",
        "logoUrl": "%B30155654518212^DeclanMiles^8610497734?9",
        "themeLogoUrl": ";4936711058428890=18044452?9"
    },
    {
        "name": "Levi T. Shields",
        "phone": "(194) 702-5290",
        "email": "adipiscing.lobortis.risus@dolornonummy.co.uk",
        "planId": "95703",
        "domain": "Lorem ipsum dolor sit amet, consectetuer",
        "uniqueKey": "OBQ61JZD1ED",
        "merchantKey": "AAU80CVI2CL",
        "address": "P.O. Box 521, 5289 Convallis St.",
        "logoUrl": "%B180022706424740^CassadyWaller^74095002568?6",
        "themeLogoUrl": ";341561283960846=26102973480? "
    },
    {
        "name": "Medge Wilder",
        "phone": "(560) 101-7785",
        "email": "erat.vel.pede@consequatenim.ca",
        "planId": "25274",
        "domain": "Lorem ipsum dolor sit amet, consectetuer adipiscing",
        "uniqueKey": "VMV09JST5SG",
        "merchantKey": "XOH67GNP8SI",
        "address": "P.O. Box 895, 4960 Quam Ave",
        "logoUrl": "%B6706257248987133^DeannaChaney^7812837450? ",
        "themeLogoUrl": ";4911790885452397=9212212856? "
    },
    {
        "name": "Pamela Freeman",
        "phone": "(133) 705-5066",
        "email": "ac.mattis.velit@malesuadafames.com",
        "planId": "74218",
        "domain": "Lorem ipsum dolor sit amet, consectetuer adipiscing",
        "uniqueKey": "WPY79JFA8IE",
        "merchantKey": "BCH30NWZ7ZY",
        "address": "5952 Hendrerit. Rd.",
        "logoUrl": "%B4175006998054439^JoelleOdom^0708432924? ",
        "themeLogoUrl": ";36716946878732=32124967255?6"
    },
    {
        "name": "Shannon G. Love",
        "phone": "(726) 716-7461",
        "email": "purus@Naminterdum.ca",
        "planId": "63916",
        "domain": "Lorem ipsum dolor sit amet, consectetuer adipiscing elit.",
        "uniqueKey": "MSN82IKQ8XF",
        "merchantKey": "OLV58XHY8LV",
        "address": "P.O. Box 501, 8412 Aliquet Street",
        "logoUrl": "%B309804825470555^JesseBoyle^8902516783? ",
        "themeLogoUrl": ";214991932545181=7002626355?8"
    },
    {
        "name": "Wesley Robertson",
        "phone": "(483) 172-0905",
        "email": "sodales@imperdiet.ca",
        "planId": "10509",
        "domain": "Lorem",
        "uniqueKey": "TCD68ERQ4NY",
        "merchantKey": "ZAY86YXK7QB",
        "address": "Ap #663-8566 Feugiat Street",
        "logoUrl": "%B213198307988928^CurranMichael^0201147762?5",
        "themeLogoUrl": ";213176247963474=82026019? "
    },
    {
        "name": "Molly A. Malone",
        "phone": "(471) 502-3050",
        "email": "malesuada.id.erat@ligulaNullamfeugiat.org",
        "planId": "49690",
        "domain": "Lorem ipsum dolor sit amet, consectetuer adipiscing",
        "uniqueKey": "JSH96BKX0ER",
        "merchantKey": "KPG41KAU4ZT",
        "address": "Ap #519-7946 Nec, Rd.",
        "logoUrl": "%B317163872918408^BrennanPrince^04071717556? ",
        "themeLogoUrl": ";5641822764832318=96129402?9"
    },
    {
        "name": "Aaron J. Snow",
        "phone": "(868) 541-2547",
        "email": "faucibus@diamvelarcu.edu",
        "planId": "61258",
        "domain": "Lorem ipsum dolor sit amet, consectetuer adipiscing elit. Curabitur sed",
        "uniqueKey": "UAY82HHO6XH",
        "merchantKey": "WWT17YKE1VO",
        "address": "8045 Malesuada Av.",
        "logoUrl": "%B5214638456003332^MollyHorton^29039413901?7",
        "themeLogoUrl": ";6767256495073114=8605397775? "
    },
    {
        "name": "Heather Sheppard",
        "phone": "(501) 894-4201",
        "email": "lacus.varius@rhoncusDonecest.org",
        "planId": "42768",
        "domain": "Lorem ipsum dolor sit amet,",
        "uniqueKey": "SNZ64VFB9BC",
        "merchantKey": "KGP56QMH9NQ",
        "address": "Ap #732-7295 Curae; Street",
        "logoUrl": "%B6767712076277011^EugeniaDotson^80022407?7",
        "themeLogoUrl": ";501899458050=7510166913? "
    },
    {
        "name": "Pearl Pace",
        "phone": "(439) 411-5178",
        "email": "Nullam.ut@magnaSedeu.com",
        "planId": "64244",
        "domain": "Lorem ipsum dolor sit amet, consectetuer adipiscing elit. Curabitur",
        "uniqueKey": "WGA08NHM7BC",
        "merchantKey": "VHM39USG6GC",
        "address": "182-8983 Duis Street",
        "logoUrl": "%B30267398262187^KareemBlair^36089453?8",
        "themeLogoUrl": ";6334024222187167=98035526? "
    },
    {
        "name": "Kaseem Collier",
        "phone": "(817) 804-9775",
        "email": "Nam.consequat@ornare.edu",
        "planId": "78398",
        "domain": "Lorem ipsum dolor",
        "uniqueKey": "TJF94STZ6FK",
        "merchantKey": "AMH08PQT5RY",
        "address": "Ap #380-566 Egestas. Rd.",
        "logoUrl": "%B213111051660874^JordanStout^9103267121?2",
        "themeLogoUrl": ";180052470085427=23057537276?3"
    },
    {
        "name": "Maggie W. Terrell",
        "phone": "(163) 880-7707",
        "email": "hendrerit@lectus.edu",
        "planId": "77771",
        "domain": "Lorem ipsum dolor sit amet, consectetuer adipiscing",
        "uniqueKey": "GDK53GTG9HN",
        "merchantKey": "VMR15YUU7UZ",
        "address": "P.O. Box 551, 1648 Elit. St.",
        "logoUrl": "%B36517937186782^MylesHughes^69127767011?3",
        "themeLogoUrl": ";6334223522000290=1312184893? "
    },
    {
        "name": "Dolan X. Wells",
        "phone": "(640) 498-2519",
        "email": "ac.mattis@magnisdisparturient.edu",
        "planId": "87668",
        "domain": "Lorem ipsum dolor sit amet,",
        "uniqueKey": "FRI17NIC6SO",
        "merchantKey": "BFG97NFN4NX",
        "address": "6258 Lectus St.",
        "logoUrl": "%B572572508891^SkylerGamble^71082993441?9",
        "themeLogoUrl": ";6579693706739182=0510543278? "
    },
    {
        "name": "Kasimir B. Mcknight",
        "phone": "(292) 536-3650",
        "email": "interdum.enim@tristiquesenectuset.co.uk",
        "planId": "29875",
        "domain": "Lorem ipsum dolor sit amet, consectetuer adipiscing elit. Curabitur",
        "uniqueKey": "BDW25UOV7YO",
        "merchantKey": "MLC61FWB1AS",
        "address": "542-4185 Nam Av.",
        "logoUrl": "%B5641824595372449^BellBarron^2806424551?4",
        "themeLogoUrl": ";30468832802329=0606126330? "
    },
    {
        "name": "Edan U. Harding",
        "phone": "(658) 693-0801",
        "email": "hendrerit.consectetuer.cursus@Donec.net",
        "planId": "38396",
        "domain": "Lorem ipsum",
        "uniqueKey": "VXK31HHV4KR",
        "merchantKey": "IDJ62AGL4MT",
        "address": "5270 Sapien Road",
        "logoUrl": "%B6759753717073583^RowanNguyen^3606953915?3",
        "themeLogoUrl": ";4905679018011667=74032988?9"
    },
    {
        "name": "Whitney Q. Hayden",
        "phone": "(399) 197-1438",
        "email": "euismod.urna.Nullam@NullamenimSed.org",
        "planId": "45161",
        "domain": "Lorem ipsum dolor sit amet, consectetuer adipiscing elit. Curabitur sed",
        "uniqueKey": "HOO95UIW0VO",
        "merchantKey": "UGZ79REJ7OK",
        "address": "6780 Id, Road",
        "logoUrl": "%B6333833811083756^FleurBooth^2608542175?5",
        "themeLogoUrl": ";4716986081674=23012596947?3"
    },
    {
        "name": "Sharon I. Maynard",
        "phone": "(292) 385-9263",
        "email": "Phasellus@eratneque.co.uk",
        "planId": "78287",
        "domain": "Lorem ipsum dolor sit amet, consectetuer adipiscing",
        "uniqueKey": "HQU32KXL2TZ",
        "merchantKey": "IJT82WLC1FC",
        "address": "539-8119 Dolor. Road",
        "logoUrl": "%B676191560975^RiaBowman^2205358378?5",
        "themeLogoUrl": ";201490168172369=2208166271?3"
    },
    {
        "name": "Cyrus H. Perez",
        "phone": "(188) 812-8165",
        "email": "magna.a.neque@etmagnisdis.net",
        "planId": "26057",
        "domain": "Lorem ipsum dolor sit amet,",
        "uniqueKey": "IUA59NJG0HO",
        "merchantKey": "EMZ16VWE2BJ",
        "address": "P.O. Box 492, 422 Aliquam Avenue",
        "logoUrl": "%B6304049914805335^SusanDaniels^15063255?1",
        "themeLogoUrl": ";6706987192671636=22061895497?4"
    },
    {
        "name": "Dillon Fletcher",
        "phone": "(327) 437-2862",
        "email": "facilisis.facilisis.magna@arcuNunc.net",
        "planId": "54812",
        "domain": "Lorem ipsum dolor",
        "uniqueKey": "HOI80DBT9UJ",
        "merchantKey": "BIX24XDZ6AV",
        "address": "1378 Lorem St.",
        "logoUrl": "%B213141911738016^EzekielBender^0505599918?3",
        "themeLogoUrl": ";4175005855663647=93022276696?9"
    },
    {
        "name": "John U. Kelley",
        "phone": "(757) 252-6317",
        "email": "sapien@vel.edu",
        "planId": "37581",
        "domain": "Lorem ipsum dolor sit",
        "uniqueKey": "BKQ52PKF8IS",
        "merchantKey": "RHZ32THW4BV",
        "address": "357-3091 Euismod Ave",
        "logoUrl": "%B5437065289618931^ClaireLynch^0309141608? ",
        "themeLogoUrl": ";6463174303163083=90115544?8"
    },
    {
        "name": "Zenaida Daniels",
        "phone": "(775) 828-2142",
        "email": "mauris@consectetueripsumnunc.ca",
        "planId": "99553",
        "domain": "Lorem ipsum dolor sit amet, consectetuer adipiscing elit.",
        "uniqueKey": "UZE56EKF4LW",
        "merchantKey": "RUW64JBH0DA",
        "address": "3595 Ligula Avenue",
        "logoUrl": "%B4936927343169145^AngelicaPrice^89064052? ",
        "themeLogoUrl": ";4026240103278010=14047789? "
    },
    {
        "name": "Ginger Salazar",
        "phone": "(299) 815-8148",
        "email": "Proin@estmaurisrhoncus.edu",
        "planId": "04548",
        "domain": "Lorem ipsum dolor sit amet, consectetuer adipiscing",
        "uniqueKey": "IGP84IHI5PG",
        "merchantKey": "VZN76ICE9OG",
        "address": "242-2408 Velit. Av.",
        "logoUrl": "%B213126533243339^BreeSwanson^71077633346?6",
        "themeLogoUrl": ";214916205403107=08051138?9"
    },
    {
        "name": "Luke Burris",
        "phone": "(872) 709-2631",
        "email": "Phasellus.ornare@lacinia.co.uk",
        "planId": "52029",
        "domain": "Lorem ipsum",
        "uniqueKey": "FMO48DWI4AJ",
        "merchantKey": "EMT10SAR3BM",
        "address": "980-9314 Tincidunt Road",
        "logoUrl": "%B30063742196829^MarshallChapman^2810309522?9",
        "themeLogoUrl": ";4929578677466=26035274? "
    },
    {
        "name": "Upton Hunt",
        "phone": "(579) 485-7335",
        "email": "sit.amet.luctus@loremipsumsodales.edu",
        "planId": "32423",
        "domain": "Lorem ipsum",
        "uniqueKey": "KAF24DNM2UR",
        "merchantKey": "ABE92VBK6HV",
        "address": "409-7112 Condimentum Ave",
        "logoUrl": "%B201491375957295^VelmaJacobson^9310750345?8",
        "themeLogoUrl": ";316328762815540=73095808? "
    },
    {
        "name": "Ezekiel Delgado",
        "phone": "(552) 834-6538",
        "email": "ornare.lectus@magnaDuisdignissim.net",
        "planId": "09570",
        "domain": "Lorem ipsum dolor sit amet, consectetuer",
        "uniqueKey": "WEF38XQE1OG",
        "merchantKey": "JDC25VVP1KC",
        "address": "9217 Non Rd.",
        "logoUrl": "%B675978718160^ScarletMarks^85113127425?4",
        "themeLogoUrl": ";30360851841827=0208926409? "
    },
    {
        "name": "Dante Benson",
        "phone": "(749) 210-9103",
        "email": "Nullam.suscipit@conubianostra.com",
        "planId": "60193",
        "domain": "Lorem ipsum dolor sit",
        "uniqueKey": "WJS55HVT0QV",
        "merchantKey": "VCY97WUH9DG",
        "address": "P.O. Box 610, 7654 Malesuada Ave",
        "logoUrl": "%B30478708906385^ChristineHernandez^82031763? ",
        "themeLogoUrl": ";4903453924314314=1209434581? "
    },
    {
        "name": "Mara Q. Tran",
        "phone": "(791) 370-1706",
        "email": "arcu@pedemalesuada.org",
        "planId": "68165",
        "domain": "Lorem ipsum dolor sit",
        "uniqueKey": "VFZ79JQQ6VH",
        "merchantKey": "TOB43LCP3SK",
        "address": "250-9164 Quisque St.",
        "logoUrl": "%B586182749349^KatelynPrice^2012822673?3",
        "themeLogoUrl": ";676132830099=31013549194? "
    },
    {
        "name": "Rylee J. Dillard",
        "phone": "(342) 942-9384",
        "email": "euismod@non.org",
        "planId": "83991",
        "domain": "Lorem ipsum dolor sit amet, consectetuer adipiscing elit. Curabitur sed",
        "uniqueKey": "FXY42WGJ7WK",
        "merchantKey": "PHQ95OHQ9UL",
        "address": "592-5756 Faucibus Road",
        "logoUrl": "%B201479765439156^LilaTucker^79097844?2",
        "themeLogoUrl": ";36585190984441=7907329960?3"
    },
    {
        "name": "Harper H. Cummings",
        "phone": "(243) 935-7507",
        "email": "id.blandit.at@Crasconvallis.net",
        "planId": "60924",
        "domain": "Lorem ipsum dolor sit amet, consectetuer adipiscing elit.",
        "uniqueKey": "BYF74MLM8QX",
        "merchantKey": "WGD82ABE9NP",
        "address": "782-6921 Est. Av.",
        "logoUrl": "%B213132343213686^DeniseOrr^89055846?9",
        "themeLogoUrl": ";316169012902831=81103151765?7"
    },
    {
        "name": "Athena Flores",
        "phone": "(864) 395-2216",
        "email": "purus.gravida.sagittis@ipsumSuspendisse.com",
        "planId": "03141",
        "domain": "Lorem ipsum dolor sit amet, consectetuer adipiscing elit.",
        "uniqueKey": "JNH70OQI3EZ",
        "merchantKey": "MAM40WZU5GN",
        "address": "9226 Blandit Rd.",
        "logoUrl": "%B5366916090421763^OmarWong^70122081327? ",
        "themeLogoUrl": ";180094643120608=8907288580? "
    },
    {
        "name": "Amir D. Rose",
        "phone": "(163) 775-3548",
        "email": "ligula.consectetuer.rhoncus@nonhendrerit.co.uk",
        "planId": "24835",
        "domain": "Lorem ipsum dolor sit amet, consectetuer adipiscing",
        "uniqueKey": "EYL35VVE5LX",
        "merchantKey": "MLJ36XTU7ZQ",
        "address": "P.O. Box 120, 3304 At Ave",
        "logoUrl": "%B201443432942232^BriarMcleod^8303688733?9",
        "themeLogoUrl": ";214920551005797=29122477909? "
    },
    {
        "name": "Geraldine Clements",
        "phone": "(972) 652-5979",
        "email": "neque.vitae@metusIn.co.uk",
        "planId": "40425",
        "domain": "Lorem ipsum dolor sit amet,",
        "uniqueKey": "HTY37VYW0NG",
        "merchantKey": "QYD64OKN7BW",
        "address": "P.O. Box 281, 2691 Metus Ave",
        "logoUrl": "%B4905798775067017^AileenCharles^26129116? ",
        "themeLogoUrl": ";30008102922728=73051365979?5"
    },
    {
        "name": "Aquila Skinner",
        "phone": "(851) 995-6504",
        "email": "Nam@sed.org",
        "planId": "27052",
        "domain": "Lorem ipsum dolor sit amet, consectetuer adipiscing",
        "uniqueKey": "NWJ95UEN4SH",
        "merchantKey": "HZN66DJI3HR",
        "address": "318-4694 Mattis Rd.",
        "logoUrl": "%B348915429586423^LaurelJensen^11107182?8",
        "themeLogoUrl": ";6767221490349216=0812669265?5"
    },
    {
        "name": "Idola Munoz",
        "phone": "(490) 822-8136",
        "email": "pharetra.sed.hendrerit@posuerecubilia.net",
        "planId": "29261",
        "domain": "Lorem ipsum dolor sit amet, consectetuer adipiscing elit. Curabitur sed",
        "uniqueKey": "KIJ67NGL3MX",
        "merchantKey": "RSV89KTE4VA",
        "address": "6943 Non, Avenue",
        "logoUrl": "%B6771094860687794^LilahMullen^1501379445?6",
        "themeLogoUrl": ";6447718849174581=78036168190?2"
    },
    {
        "name": "Yvonne Hopkins",
        "phone": "(259) 693-4049",
        "email": "Vivamus.rhoncus.Donec@Sedmalesuada.org",
        "planId": "46468",
        "domain": "Lorem ipsum dolor",
        "uniqueKey": "TKW79JUV7RE",
        "merchantKey": "GUR98MUX5WR",
        "address": "Ap #913-3685 Penatibus Rd.",
        "logoUrl": "%B319635311739568^CaraLeonard^02069907457? ",
        "themeLogoUrl": ";4716891083120=0106894788?9"
    },
    {
        "name": "Quon C. Matthews",
        "phone": "(385) 143-3350",
        "email": "Sed.id@Proinegetodio.net",
        "planId": "54489",
        "domain": "Lorem ipsum dolor sit amet, consectetuer",
        "uniqueKey": "CTR77FTJ6AO",
        "merchantKey": "HCY87UBS1QD",
        "address": "4945 Consectetuer Road",
        "logoUrl": "%B6460045639886865^BlakeSutton^08086826? ",
        "themeLogoUrl": ";30071192480882=04023707? "
    }
]